district,month,n,net_sentiment,mean_score,ci95,share_pos,share_neg,reliable,net_sentiment_rolling,zscore,is_anomaly
hove,2023-01,21,0.2857142857142857,0.33499101513908025,0.3991317330971528,0.42857142857142855,0.14285714285714285,True,0.054621848739495785,0.8966733110317657,False
hove,2023-02,17,-0.17647058823529413,0.054279001320109654,0.48552085378559784,0.23529411764705882,0.4117647058823529,False,0.03641456582633052,-1.9671648710814005,True
hove,2023-03,19,0.0,0.03955016324394628,0.4448070169692188,0.3157894736842105,0.3157894736842105,False,-0.06639928698752229,-0.8736993833654642,False
hove,2023-04,44,-0.022727272727272728,0.29108885201540863,0.27670716285023395,0.2727272727272727,0.29545454545454547,True,0.03590250329380764,-1.014524484056153,False
hove,2023-05,46,0.13043478260869565,0.21854093670845032,0.2777388154152366,0.3695652173913043,0.2391304347826087,True,0.13590250329380762,-0.06548576201020702,False
hove,2023-06,40,0.3,0.25200592130422594,0.2934397005044441,0.45,0.15,True,0.2356768424298489,0.9851919457516273,False
hove,2023-07,47,0.2765957446808511,0.43691418018746886,0.2533668434702526,0.44680851063829785,0.1702127659574468,True,0.2381755930545366,0.8401720548275989,False
hove,2023-08,58,0.13793103448275862,0.1764733935224599,0.2498071195138902,0.39655172413793105,0.25862068965517243,True,0.22984225972120323,-0.01903670331162901,False
hove,2023-09,40,0.275,0.20958104431629182,0.30124406989008545,0.475,0.2,True,0.23097701149425287,0.8302843349918698,False
hove,2023-10,25,0.28,0.3690632772445679,0.36564213750764296,0.48,0.2,True,0.21166666666666667,0.8612658571438214,False
hove,2023-11,25,0.08,0.05957902908325194,0.3902028111528577,0.4,0.32,True,0.18666666666666668,-0.37799502893423975,False
hove,2023-12,35,0.2,0.302874561718532,0.3113029437487738,0.42857142857142855,0.22857142857142856,True,0.023157894736842117,0.3655615027125969,False
hove,2024-01,19,-0.21052631578947367,-0.24177525231712743,0.43622198825016956,0.21052631578947367,0.42105263157894735,False,-0.03128654970760233,-2.1781845266055284,True
hove,2024-02,12,-0.08333333333333333,0.0052792777617772235,0.5789817933288022,0.25,0.3333333333333333,False,-0.037347155768208386,-1.3900580858979894,False
hove,2024-03,22,0.18181818181818182,0.27063665877689014,0.401644222488183,0.5,0.3181818181818182,True,0.101455733808675,0.25290142216004585,False
hove,2024-04,34,0.20588235294117646,0.2460562989992254,0.3166070486223638,0.3235294117647059,0.11764705882352941,True,0.21470359705653821,0.402010352303128,False
hove,2024-05,39,0.2564102564102564,0.32273505131403607,0.29350991283161343,0.4358974358974359,0.1794871794871795,True,0.2516585120602337,0.7150966244269216,False
hove,2024-06,41,0.2926829268292683,0.5470942476900612,0.2516287201382976,0.4878048780487805,0.1951219512195122,True,0.23708511513389563,0.9398531328463323,False
hove,2024-07,37,0.16216216216216217,0.19251253959294914,0.31113860650070413,0.3783783783783784,0.21621621621621623,True,0.21665568007031422,0.13110674048161236,False
hove,2024-08,41,0.1951219512195122,0.2935477596957509,0.2884662565437757,0.43902439024390244,0.24390243902439024,True,0.25798359334944704,0.33533562744240025,False
hove,2024-09,24,0.4166666666666667,0.5805720686912537,0.33009132274533975,0.5833333333333334,0.16666666666666666,True,0.16471385302088315,1.708094129297163,True
hove,2024-10,34,-0.11764705882352941,-0.05857623499982497,0.32977129775914915,0.23529411764705882,0.35294117647058826,True,0.06633986928104575,-1.6026763751760884,True
hove,2024-11,20,-0.1,0.1794839769601822,0.43310765022063513,0.3,0.4,True,-0.058056265984654735,-1.4933298264044947,False
hove,2024-12,23,0.043478260869565216,0.12413347544877426,0.40357861715288906,0.2608695652173913,0.21739130434782608,True,-0.01884057971014493,-0.6042948429137118,False
hove,2025-01,27,0.0,0.18330054371445267,0.373103857289173,0.3333333333333333,0.3333333333333333,True,0.0,-0.8736993833654642,False
hove,2025-02,23,-0.043478260869565216,-0.20828598996867304,0.4043123521432845,0.34782608695652173,0.391304347826087,True,-0.032036613272311214,-1.1431039238172165,False
hove,2025-03,19,-0.05263157894736842,0.1287160453043486,0.4454419382479388,0.3157894736842105,0.3684210526315789,False,0.040035458799760865,-1.1998206691754802,False
hove,2025-04,37,0.21621621621621623,0.396432825036951,0.2821887119890368,0.3783783783783784,0.16216216216216217,True,0.14543730333204016,0.46604211509730453,False
hove,2025-05,33,0.2727272727272727,0.39281989408261847,0.307603942598143,0.3939393939393939,0.12121212121212122,True,0.25121645709881,0.8162018249228007,False
hove,2025-06,34,0.2647058823529412,0.23954962807543137,0.32362839469373045,0.5,0.23529411764705882,True,0.2549019607843137,0.7664988482084402,False
hove,2025-07,44,0.22727272727272727,0.197204359553077,0.2795466265736825,0.38636363636363635,0.1590909090909091,True,0.23645663799116487,0.5345516235414233,False
hove,2025-08,46,0.21739130434782608,0.28720719529234845,0.2738616053657593,0.43478260869565216,0.21739130434782608,True,0.26316387260915,0.47332331889329776,False
hove,2025-09,29,0.3448275862068966,0.5882478993514488,0.28609340907792574,0.4482758620689655,0.10344827586206896,True,0.22188905547226387,1.262957316769124,False
hove,2025-10,29,0.10344827586206896,0.1655819847665984,0.36255502045834914,0.5172413793103449,0.41379310344827586,True,0.18275862068965518,-0.2327023733250878,False
hove,2025-11,30,0.1,0.19125787417093912,0.3514421644296552,0.43333333333333335,0.3333333333333333,True,0.08448275862068966,-0.2540689403264336,False
hove,2025-12,20,0.05,0.1724516123533249,0.43074510980735903,0.3,0.25,True,-0.020175438596491218,-0.5638841618459489,False
hove,2026-01,19,-0.21052631578947367,-0.2637663452248824,0.443363888699948,0.2631578947368421,0.47368421052631576,False,0.03421052631578947,-2.1781845266055284,True
hove,2026-02,19,0.2631578947368421,0.2602127884563647,0.42764836280172647,0.42105263157894735,0.15789473684210525,False,0.08164642375168692,0.756907045684616,False
hove,2026-03,26,0.19230769230769232,0.4550253955217508,0.33532711219549954,0.38461538461538464,0.19230769230769232,True,0.27825864395737354,0.3178976224788253,False
hove,2026-04,29,0.3793103448275862,0.325631622610421,0.34175123032930765,0.5172413793103449,0.13793103448275862,True,0.2738726790450928,1.4766229867825824,False
hove,2026-05,32,0.25,0.48628787137567997,0.29383751650610207,0.40625,0.15625,True,0.3088692140416278,0.675376724232112,False
hove,2026-06,37,0.2972972972972973,0.49976814920837814,0.26966307100844056,0.43243243243243246,0.13513513513513514,True,0.22485667485667485,0.9684451770208429,False
hove,2026-07,55,0.12727272727272726,0.19969542893496425,0.25401388467453007,0.38181818181818183,0.2545454545454545,True,0.20674073282768934,-0.08507881949760725,False
hove,2026-08,46,0.1956521739130435,0.3086802389310754,0.2706720564999487,0.3695652173913043,0.17391304347826086,True,0.16146245059288536,0.33862104866742165,False
kemptown,2023-01,21,0.047619047619047616,0.3334776333400181,0.39826274297530323,0.2857142857142857,0.23809523809523808,True,-0.09157509157509158,-0.27268073555111305,False
kemptown,2023-02,13,-0.23076923076923078,-0.23624192292873675,0.5327025868343545,0.15384615384615385,0.38461538461538464,False,-0.0363587030253697,-1.3249137127709938,False
kemptown,2023-03,27,0.07407407407407407,-0.15586721455609356,0.36844334402326456,0.3333333333333333,0.25925925925925924,True,-0.03708020374687042,-0.17268783566910684,False
kemptown,2023-04,22,0.045454545454545456,0.09287671609358354,0.42327728969943157,0.3181818181818182,0.2727272727272727,True,0.23031906365239696,-0.28086197281418623,False
kemptown,2023-05,49,0.5714285714285714,0.6991281472906774,0.19164750526976604,0.6530612244897959,0.08163265306122448,True,0.2519240019240019,1.7071786821126096,True
kemptown,2023-06,36,0.1388888888888889,0.09108539091216193,0.31588311374217487,0.3611111111111111,0.2222222222222222,True,0.30343915343915345,0.07229476904180836,False
kemptown,2023-07,50,0.2,0.25836703658103943,0.26277638198173137,0.48,0.28,True,0.31402116402116403,0.30327836776924266,False
kemptown,2023-08,63,0.6031746031746031,0.65725729011354,0.18314675334201183,0.6825396825396826,0.07936507936507936,True,0.32148830858508276,1.827170161971017,True
kemptown,2023-09,31,0.16129032258064516,0.0900601456242223,0.3504594674524749,0.45161290322580644,0.2903225806451613,True,0.33057921767599185,0.15696617619995873,False
kemptown,2023-10,22,0.22727272727272727,0.27412118965929205,0.40486852657520916,0.45454545454545453,0.22727272727272727,True,0.07618768328445748,0.40636195728396535,False
kemptown,2023-11,25,-0.16,-0.4096105718612671,0.3510888324668207,0.12,0.28,True,0.010078563411896743,-1.0574250138250976,False
kemptown,2023-12,27,-0.037037037037037035,-0.19255747618498625,0.36927188360803614,0.37037037037037035,0.4074074074074074,True,-0.18234567901234566,-0.5926580151735328,False
kemptown,2024-01,20,-0.35,-0.30388891100883486,0.4246391035960423,0.2,0.55,True,-0.21790123456790123,-1.7755740207776658,True
kemptown,2024-02,15,-0.26666666666666666,-0.46358346541722617,0.4598253902935059,0.2,0.4666666666666667,False,-0.1685185185185185,-1.4605963861493467,False
kemptown,2024-03,27,0.1111111111111111,0.1755971864417747,0.3719440377335338,0.4444444444444444,0.3333333333333333,True,-0.01613756613756614,-0.032697775834298184,False
kemptown,2024-04,28,0.10714285714285714,-0.06373092745031629,0.3731167372972898,0.42857142857142855,0.32142857142857145,True,0.23247354497354497,-0.04769671081659911,False
kemptown,2024-05,48,0.4791666666666667,0.6560887557764848,0.2058529857328176,0.5833333333333334,0.10416666666666667,True,0.2906746031746032,1.358453443774113,False
kemptown,2024-06,35,0.2857142857142857,0.2936653290476118,0.30640395757420946,0.4857142857142857,0.2,True,0.33297450185748056,0.6272553633869427,False
kemptown,2024-07,47,0.23404255319148937,0.15320548224956432,0.27311092971672657,0.44680851063829785,0.2127659574468085,True,0.3486908761264864,0.43195008234081145,False
kemptown,2024-08,38,0.5263157894736842,0.6272275510587191,0.24785574203340696,0.6052631578947368,0.07894736842105263,True,0.3129765904122008,1.5366644738927675,True
kemptown,2024-09,28,0.17857142857142858,-0.05319904429571969,0.3574805856330751,0.39285714285714285,0.21428571428571427,True,0.16829573934837094,0.22228411886481764,False
kemptown,2024-10,20,-0.2,-0.3002392739057541,0.4154184979295626,0.25,0.45,True,0.09542124542124542,-1.2086142784466911,False
kemptown,2024-11,13,0.3076923076923077,0.38236541931445783,0.5203463425374428,0.5384615384615384,0.23076923076923078,False,0.04871794871794871,0.7103263879043017,False
kemptown,2024-12,26,0.038461538461538464,-0.05726327804418711,0.37021768263757016,0.3076923076923077,0.2692307692307692,True,-0.03846153846153847,-0.30729366243334594,False
kemptown,2025-01,13,-0.46153846153846156,-0.5224429552371685,0.47164446576727,0.15384615384615385,0.6153846153846154,False,-0.11204013377926424,-2.197159470203263,True
kemptown,2025-02,23,0.08695652173913043,0.2821682199187901,0.39184568897984945,0.391304347826087,0.30434782608695654,True,-0.04152731326644373,-0.123995640943956,False
kemptown,2025-03,24,0.25,0.26163632919390994,0.38867954807000205,0.5,0.25,True,0.1863929146537842,0.4922649485462343,False
kemptown,2025-04,27,0.2222222222222222,0.33934275309244794,0.3536987546934938,0.4074074074074074,0.18518518518518517,True,0.3171296296296296,0.3872724036701278,False
kemptown,2025-05,48,0.4791666666666667,0.5059439825514952,0.23543454390825952,0.5833333333333334,0.10416666666666667,True,0.2650462962962963,1.358453443774113,False
kemptown,2025-06,32,0.09375,-0.012483475729823099,0.3432086712595241,0.3125,0.21875,True,0.25237573099415206,-0.09831811638186472,False
kemptown,2025-07,38,0.18421052631578946,0.15624228276704488,0.3135774455426098,0.42105263157894735,0.23684210526315788,True,0.27598684210526314,0.24359839489229784,False
kemptown,2025-08,40,0.55,0.4458883985877037,0.26910727610947316,0.6,0.05,True,0.24473684210526314,1.6261844332081847,True
kemptown,2025-09,22,0.0,0.00022939660332420666,0.4225902894753137,0.2727272727272727,0.2727272727272727,True,0.11666666666666664,-0.45266795533872417,False
kemptown,2025-10,15,-0.2,-0.20569156805674235,0.4946867201356899,0.26666666666666666,0.4666666666666667,False,-0.08115942028985511,-1.2086142784466911,False
kemptown,2025-11,23,-0.043478260869565216,-0.058077915855076004,0.39736501177164996,0.30434782608695654,0.34782608695652173,True,0.025507246376811555,-0.6170041125361082,False
kemptown,2025-12,25,0.32,0.37792614221572873,0.361534422505213,0.56,0.24,True,-0.05597423510466992,0.7568461616340227,False
kemptown,2026-01,18,-0.4444444444444444,-0.24489866031540763,0.4495111856513445,0.1111111111111111,0.5555555555555556,False,0.0191245791245791,-2.132548673356428,True
kemptown,2026-02,22,0.18181818181818182,0.022432367910038355,0.418667661857856,0.45454545454545453,0.2727272727272727,True,-0.10714993067934248,0.2345559747594275,False
kemptown,2026-03,17,-0.058823529411764705,0.05610228286069979,0.4765978839295745,0.29411764705882354,0.35294117647058826,False,0.003961180431768634,-0.6750051091940085,False
kemptown,2026-04,27,-0.1111111111111111,-0.13760746849907768,0.3658309146788981,0.25925925925925924,0.37037037037037035,True,0.09150326797385616,-0.8726381348431501,False
kemptown,2026-05,45,0.4444444444444444,0.5437531444761489,0.23112967786814206,0.5111111111111111,0.06666666666666667,True,0.19444444444444442,1.22721276267898,False
kemptown,2026-06,32,0.25,0.13024862296879292,0.34202075489968087,0.40625,0.15625,True,0.25473729543496976,0.4922649485462343,False
kemptown,2026-07,43,0.06976744186046512,0.23901982085649356,0.286638995105078,0.3488372093023256,0.27906976744186046,True,0.2278012684989429,-0.1889657496033869,False
kemptown,2026-08,44,0.36363636363636365,0.3307814354246313,0.267100350055479,0.4772727272727273,0.11363636363636363,True,0.21670190274841433,0.9217799048575791,False
north_laine,2023-01,22,-0.09090909090909091,-0.16551738435571844,0.4139139303516923,0.36363636363636365,0.45454545454545453,True,0.20454545454545453,-1.4660490839803726,False
north_laine,2023-02,22,0.5,0.4316441904414784,0.3709771564649109,0.6363636363636364,0.13636363636363635,True,0.14785788923719959,1.4633606740710658,False
north_laine,2023-03,29,0.034482758620689655,-0.0982789109493124,0.3558373695200075,0.3103448275862069,0.27586206896551724,True,0.2257799671592775,-0.8444236711312609,False
north_laine,2023-04,42,0.14285714285714285,0.1310369145302545,0.2925183286334585,0.3333333333333333,0.19047619047619047,True,0.21597604559065,-0.3071617071688146,False
north_laine,2023-05,51,0.47058823529411764,0.37826623051774266,0.24622484568640324,0.5882352941176471,0.11764705882352941,True,0.30511072353469687,1.3175529485571933,False
north_laine,2023-06,53,0.3018867924528302,0.28172207890816453,0.2564318451168307,0.49056603773584906,0.18867924528301888,True,0.37870379712777047,0.4812218437229058,False
north_laine,2023-07,55,0.36363636363636365,0.4106037345799533,0.2388637380398312,0.5818181818181818,0.21818181818181817,True,0.29456832475700395,0.7873430375976571,False
north_laine,2023-08,55,0.21818181818181817,0.16438758806748824,0.25794495804035195,0.43636363636363634,0.21818181818181817,True,0.250849963045085,0.06625755869268748,False
north_laine,2023-09,41,0.17073170731707318,0.16047564657723032,0.3013423902649755,0.4878048780487805,0.3170731707317073,True,0.1829711751662971,-0.16897459448667745,False
north_laine,2023-10,25,0.16,0.12178494691848755,0.3840482561005819,0.44,0.28,True,0.23987353206865403,-0.22217663286930023,False
north_laine,2023-11,36,0.3888888888888889,0.29200591146945953,0.30195876431517393,0.5277777777777778,0.1388888888888889,True,0.22142450142450143,0.9125314887964365,False
north_laine,2023-12,26,0.11538461538461539,0.28949209589224595,0.3668748363033647,0.4230769230769231,0.3076923076923077,True,0.12047212047212046,-0.44335573649495913,False
north_laine,2024-01,21,-0.14285714285714285,-0.30799820877256845,0.4045446014904534,0.23809523809523808,0.38095238095238093,True,0.004731379731379735,-1.7235796121607188,True
north_laine,2024-02,24,0.041666666666666664,0.13955388714869818,0.38015817800395174,0.2916666666666667,0.25,True,-0.020396825396825396,-0.8088097151867807,False
north_laine,2024-03,25,0.04,0.11022902488708496,0.38954715745504803,0.4,0.36,True,0.06425925925925925,-0.8170721529659001,False
north_laine,2024-04,36,0.1111111111111111,-0.03365607890817854,0.31937489522943985,0.3611111111111111,0.25,True,0.26742463393626187,-0.46454147439013727,False
north_laine,2024-05,43,0.6511627906976745,0.6671895495680875,0.21488939976245552,0.6976744186046512,0.046511627906976744,True,0.3652024117140396,2.2127445656656204,True
north_laine,2024-06,30,0.3333333333333333,0.46105061570803324,0.31979582445693544,0.5333333333333333,0.2,True,0.4114987080103359,0.6371168961591216,False
north_laine,2024-07,56,0.25,0.29012578406504225,0.2455320596571024,0.44642857142857145,0.19642857142857142,True,0.35784313725490197,0.2239950072031496,False
north_laine,2024-08,51,0.49019607843137253,0.3751583216237087,0.2546326556741763,0.6078431372549019,0.11764705882352941,True,0.3022875816993464,1.414758098899775,False
north_laine,2024-09,36,0.16666666666666666,0.16780529916286469,0.3135209109387724,0.4722222222222222,0.3055555555555556,True,0.3424110384894698,-0.18912688175282252,False
north_laine,2024-10,27,0.37037037037037035,0.399717684145327,0.33823344255401727,0.5555555555555556,0.18518518518518517,True,0.1088369070825211,0.8207266245839981,False
north_laine,2024-11,19,-0.21052631578947367,-0.27503897641834457,0.42594881587962236,0.21052631578947367,0.42105263157894735,False,0.15204678362573099,-2.059047010711433,True
north_laine,2024-12,27,0.2962962962962963,0.3345657189687093,0.35251716420382345,0.48148148148148145,0.18518518518518517,True,0.028589993502274202,0.45350716773424515,False
north_laine,2025-01,14,0.0,0.12679843391690934,0.5217447850424908,0.35714285714285715,0.35714285714285715,False,0.11630929174788823,-1.0153706596647667,False
north_laine,2025-02,19,0.05263157894736842,0.22089857176730507,0.43182222754802435,0.3684210526315789,0.3157894736842105,False,0.04784688995215311,-0.7544515719031001,False
north_laine,2025-03,22,0.09090909090909091,0.14662860469384628,0.40035363959130166,0.3181818181818182,0.22727272727272727,True,0.17687914801666924,-0.5646922353491608,False
north_laine,2025-04,31,0.3870967741935484,0.3577267508352957,0.3236577071058411,0.5161290322580645,0.12903225806451613,True,0.27645240548466354,0.9036471470984585,False
north_laine,2025-05,37,0.35135135135135137,0.09583295680381157,0.32010718327035514,0.5405405405405406,0.1891891891891892,True,0.34138747041972844,0.7264405478252779,False
north_laine,2025-06,35,0.2857142857142857,0.36319885764803206,0.3018750657703725,0.45714285714285713,0.17142857142857143,True,0.32568854568854566,0.4010472453271376,False
north_laine,2025-07,50,0.34,0.32571694135665896,0.25732433028548074,0.52,0.18,True,0.32761904761904764,0.6701666472755996,False
north_laine,2025-08,70,0.35714285714285715,0.33952738898141044,0.2161927540333607,0.5285714285714286,0.17142857142857143,True,0.31368176538908243,0.7551517215751138,False
north_laine,2025-09,41,0.24390243902439024,0.169792569265133,0.301643520414875,0.4634146341463415,0.21951219512195122,True,0.20034843205574912,0.19376657630393213,False
north_laine,2025-10,36,0.0,-0.062309114469422236,0.32223284866091195,0.3055555555555556,0.3055555555555556,True,0.18130081300813006,-1.0153706596647667,False
north_laine,2025-11,30,0.3,0.20425366560618083,0.348628135470412,0.4666666666666667,0.16666666666666666,True,0.16249999999999998,0.4718681405767328,False
north_laine,2025-12,32,0.1875,0.12796655111014843,0.344856843586868,0.46875,0.28125,True,0.08406862745098037,-0.08584640951382946,False
north_laine,2026-01,17,-0.23529411764705882,-0.07631393741158878,0.4768290545407675,0.23529411764705882,0.47058823529411764,False,0.07295751633986926,-2.1818324637757467,True
north_laine,2026-02,15,0.26666666666666666,0.18264111677805583,0.49929624720469484,0.5333333333333333,0.26666666666666666,False,-0.05014854426619134,0.306619384994344,False
north_laine,2026-03,22,-0.18181818181818182,-0.10579574649984186,0.4153553621900995,0.2727272727272727,0.45454545454545453,True,0.04978820462691428,-1.9167275082959785,True
north_laine,2026-04,31,0.06451612903225806,-0.02318957928688294,0.3460621129500794,0.3548387096774194,0.2903225806451613,True,0.11032460309434723,-0.6955343585375625,False
north_laine,2026-05,29,0.4482758620689655,0.5126664864605871,0.3040222623629297,0.5862068965517241,0.13793103448275862,True,0.29130103407077823,1.2069401912708073,False
north_laine,2026-06,36,0.3611111111111111,0.3346137801806132,0.30284365775606387,0.4722222222222222,0.1111111111111111,True,0.33362544496073476,0.774824192477779,False
north_laine,2026-07,47,0.19148936170212766,0.13348686948735664,0.2743778678675329,0.3617021276595745,0.1702127659574468,True,0.2933955599032635,-0.06606929780849038,False
north_laine,2026-08,58,0.3275862068965517,0.37213207627164907,0.23827267130465857,0.5,0.1724137931034483,True,0.25953778429933966,0.6086257314035374,False
seafront,2023-01,30,-0.23333333333333334,-0.2757473886013031,0.3235719750839049,0.13333333333333333,0.36666666666666664,True,-0.17222222222222222,-1.8681218748019146,True
seafront,2023-02,18,-0.1111111111111111,-0.31672976083225673,0.440293277936908,0.2222222222222222,0.3333333333333333,False,-0.06481481481481481,-1.2402196588089296,False
seafront,2023-03,20,0.15,0.19491852521896363,0.42639593070994253,0.4,0.25,True,0.022222222222222223,0.1012078026306283,False
seafront,2023-04,36,0.027777777777777776,0.04087755249606238,0.32290759503006167,0.3611111111111111,0.3333333333333333,True,0.1447293447293447,-0.5266944133623563,False
seafront,2023-05,39,0.2564102564102564,0.32085363681499773,0.29674087930965415,0.5128205128205128,0.2564102564102564,True,0.13472934472934472,0.6478779137573876,False
seafront,2023-06,50,0.12,0.09596879482269287,0.2724556375279536,0.44,0.32,True,0.13076109076109074,-0.052913650385831554,False
seafront,2023-07,63,0.015873015873015872,-0.03204232548910474,0.24205422900155543,0.31746031746031744,0.30158730158730157,True,0.19633267195767198,-0.5878537201149198,False
seafront,2023-08,64,0.453125,0.44635870959609747,0.21416004897604296,0.546875,0.09375,True,0.188852997160924,1.658476650817775,True
seafront,2023-09,41,0.0975609756097561,-0.07577702039625586,0.29712353453344814,0.3170731707317073,0.21951219512195122,True,0.22657274455809076,-0.1681914851623706,False
seafront,2023-10,31,0.12903225806451613,0.2728756704638081,0.33653343784214884,0.41935483870967744,0.2903225806451613,True,0.10886441122475742,-0.006511492488402773,False
seafront,2023-11,30,0.1,-0.049993995825449625,0.35572163349927244,0.36666666666666664,0.26666666666666666,True,0.20278086763070077,-0.15566128573013807,False
seafront,2023-12,29,0.3793103448275862,0.3704647894563346,0.3361379355495683,0.5517241379310345,0.1724137931034483,True,0.255008210180624,1.2792625871817296,False
seafront,2024-01,14,0.2857142857142857,0.301846444606781,0.4940531598710404,0.35714285714285715,0.07142857142857142,False,0.17405582922824303,0.7984238996098515,False
seafront,2024-02,21,-0.14285714285714285,-0.5061406152588981,0.3690992409041901,0.23809523809523808,0.38095238095238093,True,-0.023809523809523808,-1.4033111434824324,False
seafront,2024-03,28,-0.21428571428571427,-0.20369429886341095,0.36206814426204276,0.25,0.4642857142857143,True,-0.10863095238095237,-1.770266983997813,True
seafront,2024-04,32,0.03125,0.11915133520960809,0.34123703892358037,0.28125,0.25,True,0.00039160401002507245,-0.508856282226192,False
seafront,2024-05,38,0.18421052631578946,0.2025475627497623,0.30794194347133635,0.42105263157894735,0.23684210526315788,True,0.2292275828460039,0.27696033677220533,False
seafront,2024-06,36,0.4722222222222222,0.6503880404763751,0.2444838476489883,0.5833333333333334,0.1111111111111111,True,0.27941697678539784,1.7565863720666788,True
seafront,2024-07,55,0.18181818181818182,0.16358939842744308,0.25887890939798675,0.43636363636363634,0.2545454545454545,True,0.36952861952861954,0.2646699497692979,False
seafront,2024-08,55,0.45454545454545453,0.43589530966498635,0.23190295897280283,0.509090909090909,0.05454545454545454,True,0.22138047138047137,1.665774068100751,True
seafront,2024-09,36,0.027777777777777776,-0.0781897356112798,0.31862934696586803,0.3055555555555556,0.2777777777777778,True,0.256012506012506,-0.5266944133623563,False
seafront,2024-10,21,0.2857142857142857,0.33097333567483084,0.3974834601785223,0.5238095238095238,0.23809523809523808,True,0.08862433862433862,0.7984238996098515,False
seafront,2024-11,21,-0.047619047619047616,-0.3111247250011989,0.4075551553595578,0.3333333333333333,0.38095238095238093,True,0.12874779541446207,-0.9140366894619247,False
seafront,2024-12,27,0.14814814814814814,0.2621893617841933,0.36474241079241876,0.4074074074074074,0.25925925925925924,True,0.07517636684303351,0.09169413269134065,False
seafront,2025-01,16,0.125,-0.09532472118735313,0.4901216576779416,0.4375,0.3125,False,0.11669040835707502,-0.027226741549754886,False
seafront,2025-02,13,0.07692307692307693,-0.09298933010834914,0.552423582803291,0.38461538461538464,0.3076923076923077,False,0.13397435897435897,-0.27421624958895335,False
seafront,2025-03,25,0.2,0.13535069704055785,0.37987389105885877,0.4,0.2,True,0.1675765095119934,0.35807689099139484,False
seafront,2025-04,31,0.22580645161290322,0.18616392920094152,0.33699327387586187,0.3870967741935484,0.16129032258064516,True,0.1884471117779445,0.4906544849840484,False
seafront,2025-05,43,0.13953488372093023,0.06226940487706384,0.2975032495449247,0.37209302325581395,0.23255813953488372,True,0.11384393717476989,0.047444505066746974,False
seafront,2025-06,42,-0.023809523809523808,0.07838230899402074,0.29865846726470346,0.3333333333333333,0.35714285714285715,True,0.09299688867795179,-0.7917180759567979,False
seafront,2025-07,49,0.16326530612244897,0.05969082944247187,0.27696055334064246,0.42857142857142855,0.2653061224489796,True,0.15759637188208617,0.16935674444062754,False
seafront,2025-08,42,0.3333333333333333,0.2887292007605235,0.287836451531442,0.5476190476190477,0.21428571428571427,True,0.15002900384960186,1.043061126620105,False
seafront,2025-09,43,-0.046511627906976744,-0.10360720545746559,0.28428599204155774,0.2558139534883721,0.3023255813953488,True,0.16227390180878554,-0.9083474516244769,False
seafront,2025-10,20,0.2,0.2005805790424347,0.4344525536992024,0.4,0.2,True,-0.015503875968992248,0.35807689099139484,False
seafront,2025-11,20,-0.2,-0.4922810196876526,0.3739107047464232,0.15,0.35,True,-0.06060606060606061,-1.696875815894737,True
seafront,2025-12,22,-0.18181818181818182,-0.35711326924237335,0.39496969113597563,0.22727272727272727,0.4090909090909091,True,-0.10428422152560084,-1.60346887467264,True
seafront,2026-01,29,0.06896551724137931,-0.22801072844143572,0.3550464390569053,0.3103448275862069,0.2413793103448276,True,-0.09317311041448972,-0.3150972716092345,False
seafront,2026-02,18,-0.16666666666666666,-0.21937818990813363,0.4571515027921486,0.16666666666666666,0.3333333333333333,False,0.03687739463601533,-1.525629756987559,True
seafront,2026-03,24,0.20833333333333334,0.2424197718501091,0.3914893360737647,0.4166666666666667,0.20833333333333334,True,0.09434865900383142,0.40088840571818923,False
seafront,2026-04,29,0.2413793103448276,0.16837177194398026,0.35979333440033473,0.5172413793103449,0.27586206896551724,True,0.25246831712348955,0.5706582054968568,False
seafront,2026-05,39,0.3076923076923077,0.38115730041112655,0.2918256355536975,0.5384615384615384,0.23076923076923078,True,0.23163498379015623,0.9113333889991995,False
seafront,2026-06,48,0.14583333333333334,0.11203621203700702,0.27955259271103805,0.4375,0.2916666666666667,True,0.2381317354143441,0.07980204526723118,False
seafront,2026-07,46,0.2608695652173913,0.1444659323795982,0.2798608989081144,0.43478260869565216,0.17391304347826086,True,0.3368254944854616,0.6707870855175452,False
seafront,2026-08,53,0.6037735849056604,0.5502792608063176,0.22519789819616967,0.6981132075471698,0.09433962264150944,True,0.43232157506152574,2.432415944168905,True
the_lanes,2023-01,21,0.047619047619047616,0.021097078209831602,0.4253292088031553,0.2857142857142857,0.23809523809523808,True,0.06380952380952382,-0.2507826728406057,False
the_lanes,2023-02,25,0.08,0.2846744251251221,0.3680855158949382,0.28,0.2,True,-0.045695611577964514,-0.08820551212617482,False
the_lanes,2023-03,34,-0.2647058823529412,-0.39985178849276376,0.30572701505244204,0.2647058823529412,0.5294117647058824,True,-0.061568627450980386,-1.8188928302505571,True
the_lanes,2023-04,36,0.0,0.006244881285561471,0.3216452622037624,0.2222222222222222,0.2222222222222222,True,0.034571723426212585,-0.48986673271476866,False
the_lanes,2023-05,57,0.3684210526315789,0.33828367789586383,0.24294890706616748,0.5614035087719298,0.19298245614035087,True,0.257558790593505,1.3598888884169131,False
the_lanes,2023-06,47,0.40425531914893614,0.3762728432391552,0.2605798606290902,0.574468085106383,0.1702127659574468,True,0.27510265024262787,1.5398043287701466,True
the_lanes,2023-07,57,0.05263157894736842,0.09640511504390784,0.25171402095455575,0.3508771929824561,0.2982456140350877,True,0.27855825896139447,-0.22561592969595692,False
the_lanes,2023-08,66,0.3787878787878788,0.36039108308878814,0.22199450505643847,0.5757575757575758,0.19696969696969696,True,0.15257841573631048,1.411938289011528,False
the_lanes,2023-09,38,0.02631578947368421,0.0037425536858408073,0.3106887853518865,0.34210526315789475,0.3157894736842105,True,0.08565184003780495,-0.3577413312053628,False
the_lanes,2023-10,27,-0.14814814814814814,-0.03501036211296364,0.37310634366886253,0.25925925925925924,0.4074074074074074,True,-0.06442031003434512,-1.2336838078788313,False
the_lanes,2023-11,28,-0.07142857142857142,0.11403082524027143,0.36377741854861073,0.25,0.32142857142857145,True,0.03791887125220458,-0.8484928225260131,False
the_lanes,2023-12,27,0.3333333333333333,0.40941764690257887,0.3459684078238076,0.48148148148148145,0.14814814814814814,True,0.052818828680897635,1.1837216864043723,False
the_lanes,2024-01,29,-0.10344827586206896,-0.17123750366013626,0.36292574594271415,0.3448275862068966,0.4482758620689655,True,0.034961685823754786,-1.009256242096571,False
the_lanes,2024-02,24,-0.125,-0.06366892158985138,0.39701415847444044,0.2916666666666667,0.4166666666666667,True,-0.08567323481116584,-1.1174623898844465,False
the_lanes,2024-03,35,-0.02857142857142857,-0.14664456674030849,0.3144949909879466,0.2571428571428571,0.2857142857142857,True,-0.02416344916344916,-0.6333171686392665,False
the_lanes,2024-04,37,0.08108108108108109,0.08316850178950541,0.3146517909679708,0.2972972972972973,0.21621621621621623,True,0.1568971568971569,-0.08277765779389651,False
the_lanes,2024-05,55,0.41818181818181815,0.41062581647526136,0.23450425016377957,0.5454545454545454,0.12727272727272726,True,0.1586690284364703,1.6097260112710623,True
the_lanes,2024-06,43,-0.023255813953488372,0.11552480348320894,0.2926539060662184,0.27906976744186046,0.3023255813953488,True,0.194443933776593,-0.606628715444011,False
the_lanes,2024-07,69,0.18840579710144928,0.07999507240627123,0.2285481329710716,0.391304347826087,0.2028985507246377,True,0.15341065012035857,0.4560745476569197,False
the_lanes,2024-08,61,0.29508196721311475,0.22160883711986853,0.24155154128459522,0.45901639344262296,0.16393442622950818,True,0.21671814366041023,0.99167055634152,False
the_lanes,2024-09,42,0.16666666666666666,0.09626794712884086,0.29565344731051085,0.42857142857142855,0.2619047619047619,True,0.1861742758093895,0.34692747684480174,False
the_lanes,2024-10,31,0.0967741935483871,0.06617901402135049,0.3386552073068093,0.3870967741935484,0.2903225806451613,True,0.04859793379717478,-0.003986223938243881,False
the_lanes,2024-11,17,-0.11764705882352941,0.048241408432231264,0.48136817462202336,0.17647058823529413,0.29411764705882354,False,0.04242509429100194,-1.08054499828623,False
the_lanes,2024-12,27,0.14814814814814814,0.1615125713524995,0.36850488862118796,0.4074074074074074,0.25925925925925924,True,-0.07625272331154684,0.25395034244929393,False
the_lanes,2025-01,27,-0.25925925925925924,-0.18180066567880135,0.3663362591214093,0.18518518518518517,0.4444444444444444,True,0.0021786492374727684,-1.7915466142518783,True
the_lanes,2025-02,17,0.11764705882352941,-0.17226518602932198,0.4802753823314488,0.4117647058823529,0.29411764705882354,False,-0.015954066811909945,0.10081153285669284,False
the_lanes,2025-03,32,0.09375,0.29261268116533756,0.32856855636830806,0.34375,0.25,True,0.09066770647653,-0.019169989837510268,False
the_lanes,2025-04,33,0.06060606060606061,-0.0179350141322974,0.3334181580239136,0.36363636363636365,0.30303030303030304,True,0.1972853535353535,-0.1855779292385612,False
the_lanes,2025-05,48,0.4375,0.44098347922166187,0.24656186895144994,0.5625,0.125,True,0.2173174048174048,1.7067180673791038,True
the_lanes,2025-06,52,0.15384615384615385,0.17164489741508776,0.2576764424478014,0.36538461538461536,0.21153846153846154,True,0.29967948717948717,0.28255869149406565,False
the_lanes,2025-07,65,0.3076923076923077,0.37488783047749447,0.22084752872255461,0.49230769230769234,0.18461538461538463,True,0.20233100233100232,1.0549841157028998,False
the_lanes,2025-08,55,0.14545454545454545,0.14290430545806884,0.25521003347065974,0.36363636363636365,0.21818181818181817,True,0.1852369852369852,0.24042639562812917,False
the_lanes,2025-09,39,0.10256410256410256,0.06578199068705241,0.30957741825390245,0.3333333333333333,0.23076923076923078,True,0.1567469567469567,0.025083550091120843,False
the_lanes,2025-10,45,0.2222222222222222,0.22245650556352403,0.2791547813379271,0.4222222222222222,0.2,True,0.07651607651607649,0.6258588800313252,False
the_lanes,2025-11,21,-0.09523809523809523,-0.04597492728914532,0.43516831084090757,0.2857142857142857,0.38095238095238093,True,0.061375661375661354,-0.9680348524630946,False
the_lanes,2025-12,35,0.05714285714285714,-0.034751721790858676,0.3292554932059072,0.4,0.34285714285714286,True,-0.07680097680097682,-0.20296586086577306,False
the_lanes,2026-01,26,-0.19230769230769232,-0.09374178143648004,0.3834034470009371,0.3076923076923077,0.5,True,-0.09267399267399269,-1.4553985129758116,False
the_lanes,2026-02,7,-0.14285714285714285,-0.4369218008858817,0.7003210737944303,0.14285714285714285,0.2857142857142857,False,-0.1981413648080315,-1.2071189123372577,False
the_lanes,2026-03,27,-0.25925925925925924,-0.2396688593758477,0.36254010493575073,0.14814814814814814,0.4074074074074074,True,-0.12213403880070549,-1.7915466142518783,True
the_lanes,2026-04,28,0.03571428571428571,0.25956523631300243,0.34594933137826545,0.21428571428571427,0.17857142857142858,True,0.008818342151675465,-0.31055368780914644,False
the_lanes,2026-05,44,0.25,0.21925261345776645,0.28253326710507903,0.4772727272727273,0.22727272727272727,True,0.2210242587601078,0.765324581624587,False
the_lanes,2026-06,53,0.37735849056603776,0.3632216228629058,0.2458676296479642,0.5471698113207547,0.16981132075471697,True,0.32706821480406384,1.4047616662880327,False
the_lanes,2026-07,65,0.35384615384615387,0.26070612027094914,0.229647345666485,0.5076923076923077,0.15384615384615385,True,0.3514271891630382,1.2867117429655501,False
the_lanes,2026-08,65,0.3230769230769231,0.2205826053252587,0.233503126523335,0.5076923076923077,0.18461538461538463,True,0.3384615384615384,1.1322266581237834,False
